time,char1_food,char1_drink,char1_sleep,char1_stress,char2_food,char2_drink,char2_sleep,char2_stress
0.98,237.2221,77.22214,157.2221,0,237.2221,77.22214,157.2221,0
2.00,234.4443,74.44427,154.4443,0,234.4443,74.44427,154.4443,0
3.00,231.6664,71.66641,151.6664,0,231.6664,71.66641,151.6664,0
4.01,215.4997,55.49966,148.833,10,215.4997,64.77772,148.833,10
5.02,212.7218,79.83333,146.0551,10,212.7218,61.99986,146.0551,10
6.02,209.9439,79.88889,143.2773,10,209.9439,59.22199,143.2773,10
7.02,207.1661,79.16664,140.4994,10,207.1661,56.44413,140.4994,10
8.04,204.2771,79.27776,137.6104,10,204.2771,79.27776,137.6104,10
9.05,201.4992,77.88882,134.8326,10,201.4992,77.61104,134.8326,10
10.05,198.7214,75.11096,132.0547,10,239.4444,74.83318,132.0547,10
11.06,195.9435,72.3331,129.2768,10,238.7777,72.05531,129.2768,10
12.07,193.1101,69.49968,126.4434,10,235.9443,69.22189,126.4434,10
13.09,190.2767,66.66626,123.61,10,219.7776,53.05514,123.61,20
14.09,187.4988,63.8884,120.8321,10,216.9997,50.27728,120.8321,20
15.11,184.6654,61.05498,117.9987,10,214.1663,47.44386,117.9987,20
16.11,181.8875,58.27711,115.2209,10,211.3884,79.33331,115.2209,20
17.13,179.0541,55.4437,112.3874,10,208.555,76.49989,112.3874,20
18.13,176.2762,52.66583,109.6096,10,205.7771,79.55554,109.6096,20
19.13,173.4984,49.88797,106.8317,10,202.9993,76.77768,106.8317,20
20.14,170.7205,78.16661,104.0538,10,200.2214,73.99982,104.0538,20
21.14,167.9427,77.94438,101.276,10,197.4436,71.22195,101.276,20
22.16,151.7759,61.77763,98.44257,20,194.6101,80,98.44257,20
23.16,239.7778,58.99976,95.6647,20,191.8323,77.83327,95.6647,20
24.17,238.0555,56.16634,92.83128,20,188.9989,77.72215,92.83128,20
25.17,235.2776,53.38848,90.05342,20,186.221,74.94429,90.05342,20
26.17,232.4998,78.11105,87.27556,20,183.4431,78.11105,87.27556,20
27.17,229.7219,79.05553,84.4977,20,180.6653,80,84.4977,20
28.17,226.944,77.6666,81.71983,20,177.8874,77.22214,81.71983,20
29.18,210.8329,79.88889,78.94197,30,175.1095,78.77774,78.94197,20
30.18,208.055,79.94444,76.16411,30,172.3317,77.88882,76.16411,20
31.18,205.2771,77.16658,73.38625,30,169.5538,78.4444,73.38625,20
32.18,202.4437,78.27773,70.55283,30,166.7204,75.61098,70.55283,20
33.18,199.6658,80,67.77496,30,163.9425,72.83311,67.77496,20
34.18,196.888,79.83333,64.9971,30,161.1647,70.05525,64.9971,20
35.19,194.1101,79.38887,62.21924,30,158.3868,67.27739,62.21924,20
36.20,191.2767,76.55545,59.38582,30,155.5534,64.44397,59.38582,20
37.21,188.4988,73.77759,56.60796,30,152.7755,61.66611,56.60796,20
38.21,185.721,70.99973,53.83009,30,229.9977,58.88824,53.83009,20
39.21,182.9431,78.8333,51.05223,30,239.4444,56.11038,51.05223,20
40.21,180.1653,76.05544,48.27437,30,236.6666,53.33252,48.27437,20
41.21,164.0541,59.94424,45.49651,40,233.8887,50.55466,45.49651,20
42.23,161.2206,78.94441,42.66309,40,231.0553,79.11108,42.66309,20
43.23,158.4428,79.49998,39.88522,40,214.9441,62.99989,39.88522,30
44.23,155.6649,77.77771,37.10736,40,212.1662,79.55554,37.10736,30
45.23,152.8871,79.2222,34.3295,40,209.3884,79.55554,34.3295,30
46.24,150.1092,77.49992,31.55165,40,206.6105,76.77768,31.55165,30
47.24,147.3313,74.72206,28.77389,40,203.8326,79.77777,28.77389,30
48.25,144.4979,79.55554,25.94056,40,200.9992,79.44443,25.94056,30
49.25,141.72,78.49995,23.1628,40,198.2214,79.72221,23.1628,30
50.25,138.9422,75.72209,20.38503,40,195.4435,76.94435,20.38503,30
51.25,136.1643,79.27776,17.60726,40,192.6656,74.16649,17.60726,30
52.25,133.3865,76.49989,14.82949,40,189.8878,78.77774,14.82949,30
53.25,130.6086,73.72203,12.05173,40,187.1099,77.88882,12.05173,30
54.27,127.7752,70.88861,9.218405,40,184.2765,78.4444,9.218405,30
55.27,124.9973,68.11075,6.440638,40,181.4986,79.77777,6.440638,30
56.29,122.1639,65.27733,3.607313,40,178.6652,79.94444,3.607313,30
57.29,119.386,62.49947,0.8295341,40,175.8873,78.94441,0.8295341,30
58.29,238.0555,78.0555,158.0555,0,238.0555,78.0555,158.0555,0
59.30,235.2221,75.22208,155.2221,0,235.2221,75.22208,155.2221,0
60.30,239.5,59.11088,152.4442,10,239.5555,59.11088,152.4442,10
61.31,237.611,56.33302,149.6664,10,236.7777,56.33302,149.6664,10
62.31,234.8332,53.55516,146.8885,10,233.9998,79.88889,146.8885,10
63.31,232.0553,50.77729,144.1106,10,231.222,77.99994,144.1106,10
64.31,229.2775,78.4444,141.3328,10,228.4441,78.33328,141.3328,10
65.32,226.4996,77.94438,138.5549,10,225.6662,79.88889,138.5549,10
66.34,223.6662,75.11096,135.7215,10,222.8328,78.61107,135.7215,10
67.34,220.8883,78.66663,132.9436,10,220.0549,78.99997,132.9436,10
68.36,218.0549,79.66666,130.1102,10,217.2215,78.55551,130.1102,10
69.36,215.277,76.88879,127.3323,10,214.4437,77.99994,127.3323,10
70.37,212.4436,74.05537,124.4989,10,211.6102,75.16652,124.4989,10
71.37,209.6657,71.27751,121.7211,10,208.8324,72.38866,121.7211,10
72.38,206.8879,68.49965,118.9432,10,206.0545,79.77777,118.9432,10
73.38,204.11,65.72179,116.1653,10,203.2767,78.27773,116.1653,10
74.40,201.2766,62.88837,113.3319,10,200.4432,75.44431,113.3319,10
75.40,198.4432,60.05495,110.4985,10,184.2765,59.27755,110.4985,20
76.41,182.332,43.94375,107.7206,20,181.4986,56.49969,107.7206,20
77.42,179.4986,80,104.8872,20,239.8333,53.66627,104.8872,20
78.42,176.7207,79.38887,102.1093,20,239.7778,50.88841,102.1093,20
79.43,239.2222,76.61101,99.33148,20,236.9999,48.11055,99.33148,20
80.44,236.4443,80,96.55362,20,239.1111,45.33268,96.55362,20
81.44,233.6109,77.16658,93.7202,20,236.2777,42.49926,93.7202,20
82.44,230.8331,74.38872,90.94234,20,233.4998,39.7214,90.94234,20
83.45,228.0552,78.94441,88.16447,20,230.7219,36.94354,88.16447,20
84.45,225.2773,76.16655,85.38661,20,227.9441,34.16568,85.38661,20
85.45,209.1661,80,82.60875,30,225.1662,31.38784,82.60875,20
86.48,239.8889,77.49992,79.77533,30,239.6667,28.55451,79.77533,20
87.48,238.2222,79.72221,76.99747,30,236.8888,25.77675,76.99747,20
88.48,235.3887,78.72218,74.16405,30,234.0554,22.94342,74.16405,20
89.49,232.6109,75.94432,71.38618,30,231.2775,77.77771,71.38618,20
90.49,229.833,77.44437,68.60832,30,215.1663,61.66652,68.60832,30
91.49,227.0552,79.49998,65.83046,30,212.3885,58.88865,65.83046,30
92.49,224.2773,79.38887,63.0526,30,209.6106,79.55554,63.0526,30
93.50,221.4439,76.55545,60.21918,30,206.7772,79.44443,60.21918,30
94.50,218.666,73.77759,158.9444,0,203.9993,78.88885,57.44131,30
95.51,215.8882,70.99973,156.1665,0,201.2215,78.4444,54.66345,30
96.51,213.1103,68.22186,159.7222,0,198.4436,79.72221,51.88559,30
97.51,210.3324,65.444,160,0,195.6657,79.38887,49.10773,30
98.53,207.499,62.61058,157.611,0,192.8323,76.55545,46.27431,30
99.53,204.7211,59.83272,154.8332,0,190.0544,78.49995,43.49644,30
100.54,201.9433,57.05486,158.9444,0,187.2766,78.61107,40.71858,30
101.55,199.1099,54.22144,159.5,0,239.3333,75.77765,37.88516,30
102.55,196.332,51.44357,156.7221,0,237.3888,72.99979,35.1073,30
103.57,193.4986,48.61015,159.7778,0,234.5554,70.16637,32.27388,30
104.57,190.7207,45.83229,158.3888,0,231.7775,67.3885,29.49611,30
105.60,187.8873,42.99887,159.2222,0,228.9441,79.44443,26.66278,30
106.60,185.1094,40.22101,158.1111,0,212.8329,63.33323,23.88502,40
107.60,182.276,37.38759,155.2776,0,209.9995,60.49981,21.05169,40
108.60,179.4982,34.60973,159.4444,0,207.2216,78.99997,18.27393,40
109.61,176.7203,31.83187,160,0,204.4438,79.6111,15.49616,40
110.65,173.8313,28.94299,159.8333,0,201.5548,78.94441,12.60728,40
111.67,170.9979,26.10967,157.4999,0,198.7214,76.11099,9.773958,40
112.67,168.22,23.3319,154.7221,0,195.9435,78.27773,6.996191,40
113.69,165.3866,20.49858,151.8886,0,239.8889,75.44431,4.162868,40
114.69,162.6087,17.72081,149.1108,0,237.611,72.66644,1.38509,40
115.71,159.7753,14.88749,146.2774,0,238.5555,78.55551,158.5555,0
116.73,156.9419,12.05417,143.4439,0,235.7221,75.72209,155.7221,0
117.73,154.164,9.276402,140.6661,9.999995,232.9442,72.94423,152.9442,0
118.75,151.3306,6.443079,137.8327,20.2,216.7775,56.77748,150.1108,10
119.76,148.5528,3.66531,135.0548,30.20004,213.9996,53.99961,147.3329,10
120.76,145.7193,0.8319755,132.2214,40.40008,211.1662,79.94444,144.4995,10
121.77,238.0555,78.0555,158.0555,0,208.3883,77.16658,141.7217,10
122.77,235.2776,75.27763,155.2776,0,205.6105,79.2222,138.9438,10
123.79,219.1109,79.94444,152.4442,10,202.7771,79.72221,136.1104,10
124.79,239.2778,77.27769,149.6664,10,199.9992,76.94435,133.3325,10
125.79,236.4999,78.66663,146.8885,10,197.2213,74.16649,130.5547,10
126.79,233.722,79.27776,144.1106,10,239.9444,71.38863,127.7768,10
127.79,230.9442,79.49998,141.3328,10,238.2222,68.61076,124.9989,10
128.84,228.0552,77.22214,138.4438,10,235.3332,65.72179,122.11,10
129.84,225.2218,74.38872,135.6104,10,232.4998,62.88837,119.2765,10
130.87,222.3884,79.55554,132.7769,10,229.6664,60.05495,116.4431,10
131.87,219.6105,76.77768,129.9991,10,226.8885,57.27708,113.6653,10
132.87,216.8326,73.99982,127.2212,10,224.1106,54.49922,110.8874,10
133.87,187.3881,44.55529,124.4434,30,221.3328,51.72136,108.1095,0
134.91,184.4991,79.94444,121.5544,30,218.4438,48.83238,105.2206,0
135.92,181.7213,79.88889,118.7765,30,215.6659,46.05452,102.4427,0
136.93,178.8878,79.77777,115.9431,30,212.8325,43.2211,99.60927,0
137.95,176.0544,80,113.1097,30,209.9991,40.38768,96.77585,0
138.95,173.2766,79.77777,110.3318,30,207.2212,37.60982,93.99799,0
139.95,170.4987,77.99994,107.554,30,204.4434,78.8333,91.22012,0
140.96,167.7208,75.22208,104.7761,30,201.6655,76.05544,88.44226,0
141.96,164.8874,79.83333,101.9427,30,198.8321,73.22202,85.60884,0
142.97,162.1096,77.38881,99.16481,30,182.7209,57.11082,82.83098,10
143.99,159.2761,74.55539,96.33139,30,179.8875,54.2774,79.99756,0
144.99,156.4983,71.77753,93.55353,30,177.1096,79.88889,77.2197,0
145.99,153.7204,79.55554,90.77567,30,239.8889,77.11102,74.44183,0
146.99,150.9426,76.77768,87.9978,30,239.2778,74.33316,71.66397,0
148.00,134.8314,60.66648,85.21994,40,236.4999,71.5553,68.88611,0
149.02,131.9979,79.16664,82.38652,40,233.6665,68.72188,66.05269,0
150.02,129.2201,78.8333,79.60866,40,239.4444,65.94402,63.27483,0
151.04,238.4444,75.99988,76.77524,40,236.611,63.1106,60.44141,0
152.04,235.6665,73.22202,73.99738,40,233.8331,60.33273,57.66354,0
153.04,239.3333,70.3886,71.16396,40,230.9997,57.49931,54.83012,0
154.05,236.5555,79.72221,68.38609,40,228.2219,54.72145,52.05226,0
155.06,233.7776,77.77771,65.60823,40,212.1107,38.61026,49.2744,10
156.07,230.9442,74.94429,62.77481,40,209.2773,75.77684,46.44098,10
157.08,228.1663,72.16643,59.99695,40,206.4994,79.55554,43.66312,10
158.08,225.3884,69.38857,57.21909,40,203.7215,78.8333,40.88525,10
159.10,222.555,79.94444,54.38567,40,200.8881,79.6111,38.05183,10
160.10,219.7772,77.16658,51.6078,40,198.1102,79.49998,35.27397,10
161.10,216.9437,74.33316,48.77438,40,195.2768,76.66656,32.44055,10
162.13,214.1103,71.49974,45.94096,40,192.4434,73.83315,29.60722,10
163.13,211.3325,68.72188,159.3333,25,189.6655,71.05528,26.82945,10
164.14,208.5546,65.94402,159.0555,10,186.8877,78.88885,24.05168,10
165.15,205.7212,63.1106,159.8889,0,184.0543,78.94441,21.21836,10
166.15,202.9433,60.33273,159.5,0,181.2764,76.16655,18.44059,10
167.16,200.1099,57.49931,157.4999,0,178.443,78.16661,15.60727,10
168.16,197.332,54.72145,160,0,175.6651,78.94441,12.8295,10
169.17,194.5542,51.94359,157.4999,0,172.8873,79.33331,10.05173,10
170.17,191.7763,49.16573,158.7777,0,170.1094,79.94444,7.273968,10
171.17,188.9984,46.38786,159.3333,0,167.3315,77.16658,4.496201,10
172.17,186.2206,43.61,159.9444,0,164.5537,74.38872,1.718423,10
173.17,183.4427,40.83214,159,0,238.9444,78.94441,158.9444,0
174.19,180.6093,37.99872,156.1665,0,236.111,76.11099,156.111,0
175.19,177.8314,35.22086,153.3887,0,206.6665,46.66647,153.3331,20
176.19,175.0536,32.44299,150.6108,0,203.8886,79.49998,150.5553,20
177.20,172.2757,29.66521,147.833,0,201.1107,77.94438,147.7774,20
178.20,169.4978,26.88745,145.0551,0,198.3329,79.11108,144.9995,20
179.20,166.72,24.10968,142.2772,0,195.555,79.94444,142.2217,20
180.22,163.8866,21.27636,157.5555,0,192.7216,80,139.3883,20
181.24,160.9976,18.38748,159.0555,0,239.8889,77.11102,136.4993,20
182.25,158.2197,15.60971,159.5,0,239.9444,74.33316,133.7214,20
183.26,155.4419,12.83194,156.7221,0,239.6111,71.5553,130.9436,20
184.26,152.664,10.05418,158.2222,6.399998,238.8333,68.77744,128.1657,20
185.26,149.8306,7.220854,159.1666,11.59999,239.2778,65.94402,125.3323,20
186.26,147.0527,4.443087,159.3333,2.4,236.4999,63.16615,122.5544,20
187.28,144.2749,1.665309,159.6667,1.2,233.722,60.38829,119.7766,20
188.31,238.7777,78.77774,158.7777,0,230.8331,57.49931,116.8876,20
189.33,235.9443,75.94432,155.9443,0,227.9996,54.66589,114.0542,20
190.33,219.8331,59.83313,153.1665,10,198.5551,25.22144,111.2763,40
191.36,238.8889,56.99971,150.333,10,195.7217,79.88889,108.4429,40
192.36,238.8333,54.16629,147.4996,10,192.8883,79.44443,105.6095,40
193.36,239.6667,51.38842,144.7218,10,190.1104,79.6111,102.8316,40
194.37,239.0555,48.61056,141.9439,10,187.3326,79.88889,100.0537,40
195.40,236.2221,45.77714,139.1105,10,239.8889,77.55548,97.22031,40
196.40,220.1109,79.55554,136.3326,20,239.5555,74.77762,94.44244,40
197.42,217.2775,78.55551,133.4992,20,236.7221,79.49998,91.60902,40
198.42,214.4441,79.27776,130.6658,20,233.8887,78.16661,88.7756,40
199.42,239.3333,78.0555,127.8879,20,231.1108,75.38875,85.99774,40
200.43,236.5555,79.88889,125.11,20,228.333,79.77777,83.21988,40
201.43,233.7776,77.61104,122.3322,20,225.5551,76.99991,80.44202,40
202.44,217.6664,61.49984,119.5543,10,239.8333,77.72215,77.66415,40
203.45,214.833,58.66642,116.7209,10,239,74.88873,74.83073,40
204.45,212.0551,55.88856,113.943,10,236.2221,79.05553,72.05287,40
205.45,209.2773,53.1107,111.1652,10,233.4442,79.88889,69.27501,40
206.46,206.4994,80,108.3873,10,230.6664,77.11102,66.49715,40
207.48,203.6104,80,105.4983,10,227.7774,80,63.60817,40
208.50,200.8326,79.77777,102.7205,10,224.9995,78.8333,60.83031,40
209.51,197.9991,79.83333,99.88705,10,222.1661,78.99997,57.99689,40
210.51,195.2213,79.94444,97.10919,10,219.3883,79.94444,55.21902,40
211.52,192.4434,79.6111,94.33133,10,216.6104,77.16658,52.44116,40
212.52,189.61,78.11105,91.49791,10,213.777,74.33316,49.60774,40
213.54,186.8321,78.72218,88.72005,10,210.9991,71.5553,46.82988,40
214.54,170.7209,79.88889,85.94218,20,194.8879,55.4441,44.05202,50
215.56,167.8875,79.94444,83.10876,20,192.0545,52.61068,41.2186,50
216.56,165.0541,77.22214,80.27534,20,189.2211,79.44443,38.38518,50
217.59,238.7222,74.38872,77.44193,20,186.3877,79.88889,35.55176,50
218.59,235.9443,79.05553,74.66406,20,183.6098,78.61107,32.7739,50
219.59,233.1665,79.55554,71.8862,20,180.8319,79.55554,29.9961,50
220.62,230.333,77.49992,69.05278,20,177.9985,76.72212,27.16278,50
221.62,227.5552,77.55548,66.27492,20,175.2207,79.11108,24.38501,50
222.63,224.7218,74.72206,63.4415,20,239.7222,76.27766,21.55169,50
223.63,221.9439,71.9442,60.66364,20,238.9444,73.4998,18.77392,50
224.65,219.1105,69.11078,57.83022,20,236.111,70.66638,15.9406,50
225.68,216.2771,78.33328,54.9968,20,233.2776,78.33328,13.10728,50
226.68,213.4992,75.55542,52.21893,20,230.4997,77.33325,10.32951,50
227.70,210.6102,72.66644,49.32996,20,227.6107,74.44427,7.440634,50
228.70,207.8324,69.88858,46.55209,20,224.8329,71.66641,4.662867,50
229.73,191.6656,53.72183,43.71867,30,221.9995,68.83299,1.829535,50
230.73,188.8877,79.94444,40.94081,30,239.0555,79.05553,159.0555,0
231.74,186.0543,78.0555,38.10739,30,236.2221,76.22211,156.2221,0
232.75,237.7777,75.27763,35.32953,30,233.4442,73.44424,153.4442,0
233.76,237.6666,72.49977,32.55167,30,230.6664,77.49992,150.6664,0
234.76,234.8887,69.72191,159.7222,5,214.5552,79.66666,147.8885,10
235.78,231.9998,66.83293,157.3888,0,211.6662,77.33325,144.9995,10
236.79,229.2219,64.05507,154.6109,0,208.8884,74.55539,142.2217,10
237.79,226.444,61.27721,159.4444,0,206.1105,79.72221,139.4438,10
238.79,223.6662,58.49934,156.6666,0,203.3326,80,136.666,10
239.80,220.8883,55.72148,159.9444,0,200.5548,78.66663,133.8881,10
240.80,218.0549,52.88806,159.2222,0,197.7213,77.27769,131.0547,10
241.83,215.2215,50.05464,159.8889,0,194.8879,74.44427,128.2213,10
242.83,212.4436,47.27678,159.7222,0,192.1101,71.66641,125.4434,10
243.83,209.6657,44.49892,158.6111,0,189.3322,78.33328,122.6655,10
244.84,206.8323,41.6655,159.5555,0,186.4988,75.49986,119.8321,10
245.84,204.0545,38.88763,158.3888,0,183.7209,78.4444,117.0542,10
246.86,201.2766,36.10977,155.611,0,180.9431,75.66653,114.2764,10
247.86,198.4987,33.33191,152.8331,0,178.1652,72.88867,111.4985,10
248.87,195.6653,30.49854,149.9997,0,175.3318,79.11108,108.6651,10
249.88,192.8875,27.72078,147.2218,0,172.5539,76.33322,105.8872,10
250.88,190.1096,24.94301,144.444,0,169.776,73.55536,103.1094,10
251.88,187.3317,22.16524,141.6661,0,153.6649,57.44416,100.3315,20
252.88,184.4983,19.33192,159.6667,0,150.8314,79.38887,97.49809,20
253.89,181.7204,16.55415,160,0,148.0536,78.77774,94.72023,20
254.89,178.9426,13.77638,159.5555,0,145.2757,79.49998,91.94237,20
255.91,176.1092,10.94306,156.7221,4,142.4423,77.38881,89.10895,20
256.91,173.3313,8.165295,158.5,5.399999,239.8333,74.61095,86.33109,20
257.92,170.4979,5.331972,158.5,5.399999,238.0555,71.77753,83.49767,20
258.93,167.72,2.554199,159.8889,0.4,235.2776,68.99966,80.7198,20
259.93,239.7778,79.77777,159.7778,0,232.4998,77.77771,77.94194,20
260.94,236.9999,76.99991,156.9999,0,229.7219,74.99985,75.16408,20
261.94,207.4998,47.49982,154.1665,20,226.8885,72.16643,72.33066,20
262.95,204.722,44.72196,151.3886,20,224.1106,69.38857,69.5528,20
263.95,201.9441,79.94444,148.6108,20,221.3328,79.55554,66.77493,20
264.95,199.1662,79.77777,145.8329,20,218.5549,76.77768,63.99707,20
265.96,196.3884,79.05553,143.055,20,238.5555,73.99982,61.21921,20
266.98,193.555,78.8333,140.2216,20,235.7221,71.1664,58.38579,20
267.98,190.7215,80,137.3882,20,232.8887,68.33298,55.55237,20
268.98,187.9437,79.6111,134.6103,20,230.1108,65.55511,52.77451,20
270.01,185.1103,79.72221,131.7769,20,227.2774,62.72169,49.94109,20
271.04,182.2768,79.94444,128.9435,20,224.444,59.88828,47.10767,20
272.04,179.499,79.38887,126.1656,20,221.6661,57.11041,44.3298,20
273.05,176.6656,78.4444,123.3322,20,205.4994,79.88889,41.49638,30
274.07,173.8321,75.61098,120.4988,20,239,78.38884,38.66296,30
275.10,157.6098,79.83333,117.6098,30,239.5,75.49986,35.77399,30
276.11,154.832,78.66663,114.832,30,239.8889,72.722,32.99612,30
277.11,152.0541,79.88889,112.0541,30,237.8333,69.94414,30.21832,30
278.12,149.2762,80,109.2762,30,235.0554,78.72218,27.44056,30
279.12,146.4428,77.16658,106.4428,30,232.222,77.77771,24.60723,30
280.13,143.665,77.44437,103.6649,30,229.4441,78.66663,21.82947,30
281.16,140.8315,77.94438,100.8315,30,226.6107,75.83321,18.99615,30
282.16,124.7203,79.33331,98.05367,40,223.8328,73.05534,16.21838,30
283.16,121.9425,79.94444,95.2758,40,221.055,70.27748,13.44061,30
284.18,119.1091,78.38884,92.44238,40,218.2216,67.44406,10.60729,30
285.19,116.2756,79.88889,89.60896,40,215.3881,64.61064,7.773966,30
286.19,113.4978,79.83333,86.8311,40,212.6103,61.83278,4.996199,30
287.20,110.7199,79.38887,84.05324,40,209.8324,59.05492,2.218424,10
288.20,107.9421,77.33325,81.27538,40,239.4444,79.44443,159.4444,0
289.20,105.1642,80,78.49751,40,236.6666,76.66656,156.6666,0
290.22,102.2752,79.27776,75.60854,40,233.7776,73.77759,153.7776,0
291.22,99.49735,76.49989,72.83067,40,230.9997,78.22217,150.9997,0
292.22,83.38615,60.3887,70.05281,50,214.8885,62.11097,148.2219,10
293.23,80.60829,79.72221,67.27495,50,212.1107,59.33311,145.444,10
294.23,77.83043,78.8333,64.49709,50,209.3328,56.55525,142.6661,10
295.25,238.8889,75.99988,61.66367,50,206.4994,79.6111,139.8327,10
296.25,236.111,73.22202,58.8858,50,238.9444,76.83324,137.0549,10
297.26,233.3331,77.49992,56.10794,50,236.1665,74.05537,134.277,10
298.26,230.5553,80,53.33008,50,239.1666,71.27751,131.4991,10
299.26,227.7218,78.72218,50.49666,50,236.3332,68.44409,128.6657,10
300.27,224.944,75.94432,47.7188,50,233.5554,65.66623,125.8878,10
301.27,222.1661,73.16646,44.94093,50,238.9444,62.88837,123.11,10
302.27,219.3883,70.3886,42.16307,50,236.1665,79.88889,120.3321,10
303.28,216.5548,67.55518,39.32965,50,233.3331,79.83333,117.4987,10
304.29,200.4436,51.44398,36.55179,60,230.5553,77.94438,114.7208,10
305.30,197.6658,78.61107,33.77393,60,214.4441,61.83318,111.943,20
306.30,239.2222,75.77765,30.94054,60,239.0555,58.99976,109.1096,20
307.32,236.4443,78.0555,28.16278,60,239.9444,56.2219,106.3317,20
308.32,233.6109,78.22217,25.32945,60,237.111,53.38848,103.4983,20
309.35,230.7775,78.72218,22.49613,60,234.2776,80,100.6649,20
310.36,227.9996,79.55554,19.71836,60,231.4997,79.44443,97.88699,20
311.36,225.2218,76.77768,16.9406,60,228.7219,76.66656,95.10913,20
312.37,222.3884,73.94426,14.10728,60,212.5551,60.49981,92.27571,30
313.38,219.6105,71.1664,11.32951,60,209.7773,79.2222,89.49785,30
314.40,216.7771,68.33298,8.496185,60,206.9438,76.38878,86.66443,30
315.40,213.9992,65.55511,5.718418,60,204.166,77.49992,83.88657,30
316.41,211.1658,62.72169,2.885091,60,201.3326,74.6665,81.05315,30
317.41,208.3879,59.94383,0.1073117,60,198.5547,77.94438,78.27528,30
318.41,237.3333,77.33325,157.3333,0,195.7768,75.16652,75.49742,30
319.43,234.4998,74.49983,159.5,0,192.9434,79.88889,72.664,30
320.44,231.722,71.72197,156.7221,0,190.1656,79.49998,69.88614,30
321.45,215.5552,55.55522,153.8887,10,187.3321,76.66656,67.05272,30
322.45,239.9444,78.38884,151.1108,10,184.5543,79.55554,64.27486,30
323.48,238.5,75.55542,148.2774,10,181.7209,76.72212,61.44144,30
324.49,238.2777,72.722,145.444,10,178.8874,79.44443,58.60802,30
325.51,235.4443,69.88858,142.6106,10,239.2778,77.72215,55.7746,30
326.51,232.6664,79.94444,139.8327,10,239.6667,74.94429,52.99673,30
327.51,229.8886,79.49998,137.0549,10,236.8888,79.49998,50.21887,30
328.53,227.0552,76.66656,134.2214,10,234.0554,79.88889,47.38545,30
329.54,224.2773,73.8887,131.4436,10,231.2775,78.16661,44.60759,30
330.54,221.4994,71.11084,128.6657,10,228.4996,75.38875,41.82973,30
331.55,218.666,68.27742,125.8323,10,212.3329,79.49998,38.99631,40
332.55,215.8882,65.49956,123.0544,10,209.555,76.72212,36.21844,40
333.55,213.1103,62.72169,120.2766,10,206.7772,73.94426,33.44058,40
334.55,196.9991,80,117.4987,20,203.9993,79.88889,30.66277,40
335.58,194.1657,79.88889,114.6653,20,201.1659,77.22214,27.82944,40
336.58,191.3878,79.94444,111.8874,20,198.388,74.44427,25.05168,40
337.60,188.4988,80,108.9984,20,195.4991,71.5553,22.1628,40
338.61,185.721,77.49992,106.2206,20,192.7212,77.55548,19.38503,40
339.61,182.9431,74.72206,103.4427,20,239.1666,74.77762,16.60727,40
340.62,180.1653,71.9442,100.6649,20,238.7222,71.99976,13.8295,40
341.62,177.3318,69.11078,97.83144,20,238.5,69.16634,10.99618,40
342.62,174.554,66.33292,95.05357,20,238.0555,66.38847,8.218409,40
343.65,171.7206,63.4995,92.22015,20,235.2221,63.55505,5.385086,40
344.66,168.8871,60.66608,89.38673,20,232.3887,60.72163,2.551757,40
345.67,152.7759,44.55488,86.60887,30,239.7778,79.77777,159.7778,0
346.68,149.9981,79.27776,83.83101,30,236.9999,76.99991,156.9999,0
347.68,147.1647,80,80.99759,30,234.1665,74.16649,154.1665,0
348.70,239.2222,77.27769,78.21973,30,231.3886,71.38863,151.3886,0
349.70,236.4443,79.27776,75.44186,30,215.2774,55.27743,148.6108,10
350.70,233.6109,77.38881,72.60844,30,212.444,52.44401,145.7773,10
351.72,217.4442,64.44437,69.77502,40,209.6106,80,142.9439,10
352.73,239.7778,61.66651,66.99716,40,206.8327,79.27776,140.1661,10
353.73,239.6667,58.88865,64.2193,40,204.0549,79.77777,137.3882,10
354.75,239.9444,56.05523,61.38588,40,201.2215,79.77777,134.5548,10
355.75,237.4999,78.72218,58.60802,40,198.4436,77.55548,131.7769,10
356.77,234.6665,77.99994,55.7746,40,239.8333,77.22214,128.9435,10
357.77,231.8886,75.22208,52.99673,40,238.6666,74.44427,126.1656,10
358.77,215.7775,80,50.21887,50,235.8888,71.66641,123.3878,10
359.77,212.9996,79.77777,47.44101,50,233.1109,78.88885,120.6099,10
360.78,210.2217,79.49998,44.66315,50,230.333,76.11099,117.832,10
361.78,207.4439,78.99997,41.88528,50,227.5552,79.05553,115.0542,10
362.79,204.6104,76.16655,39.05186,50,211.3884,62.88877,112.2208,20
363.79,239.1666,73.38869,36.274,50,208.6106,60.11091,109.4429,20
364.79,236.3888,70.61082,33.49614,50,239.8333,57.33305,106.665,20
365.79,233.6109,80,30.71832,50,238.8333,54.55518,103.8872,20
366.81,239.8333,78.0555,27.885,50,235.9999,51.72176,101.0538,20
367.82,236.9999,75.22208,25.05168,50,238.7777,48.88834,98.22034,20
368.83,220.8887,80,22.27391,60,235.9999,46.11048,95.44247,20
369.83,218.1109,79.83333,19.49614,60,233.222,43.33262,92.66461,20
370.83,215.333,79.6111,16.71838,60,230.4442,40.55476,89.88675,20
371.83,239.6111,76.83324,13.94061,60,227.6663,77.77689,87.10889,20
372.83,236.8332,74.05537,11.16284,60,224.8884,79.72221,84.33102,20
373.84,234.0554,78.33328,8.385075,60,222.1106,76.94435,81.55316,20
374.84,217.9442,62.22209,5.607307,70,219.3327,74.16649,78.7753,20
375.84,215.1108,79.72221,2.773979,70,216.4993,71.33307,75.94188,20
376.85,240,80,160,0,213.7214,68.55521,73.16402,10
377.85,237.2221,77.22214,157.2221,0,210.9436,65.77734,70.38615,10
378.85,234.4443,74.44427,154.4443,0,208.1657,62.99948,67.60829,10
379.86,231.6664,71.66641,151.6664,0,205.3878,60.22162,64.83043,10
380.86,215.5552,79.83333,148.8885,10,202.61,79.49998,62.05257,10
381.86,212.7218,80,146.0551,10,199.7766,76.66656,59.21915,10
382.88,209.8884,79.33331,143.2217,10,238.2222,73.83315,56.38573,10
383.89,207.1105,79.44443,140.4438,10,235.4443,71.05528,53.60786,10
384.91,204.2771,79.77777,137.6104,10,232.6109,77.88882,50.77444,10
385.92,201.4992,76.99991,134.8326,10,229.833,75.11096,47.99658,0
386.93,198.6658,74.16649,131.9991,10,226.9996,72.27754,45.16316,0
387.94,195.888,71.38863,129.2213,10,224.2217,69.49968,42.3853,0
388.94,193.1101,79.94444,126.4434,10,208.1105,53.38848,39.60744,0
389.94,190.3322,77.16658,123.6656,10,205.3327,50.61062,36.82957,0
390.94,187.4988,74.33316,120.8321,10,239.4444,47.7772,33.99615,0
391.96,184.6654,71.49974,159.6667,0,239.5,44.94378,31.16277,0
392.97,181.8875,68.72188,159.8889,0,238.7222,42.16592,28.385,0
393.97,179.1097,65.94402,158.0555,0,235.9443,39.38806,25.60723,0
394.97,176.3318,63.16615,160,0,233.1665,36.6102,22.82946,0
396.00,173.4984,60.33273,159.8889,0,238.8889,33.77678,19.99614,0
397.00,170.665,57.49931,157.2221,0,236.0554,30.94339,17.16282,0
398.02,167.8315,54.66589,159.9444,0,233.222,28.11007,14.3295,0
399.03,165.0537,51.88803,158.1666,0,230.4442,25.3323,11.55173,0
400.04,162.2758,49.11017,159.8333,0,227.6663,22.55454,8.773962,0
401.04,159.4424,46.27675,157.4999,0,224.8329,19.72121,5.940639,0
402.06,156.609,43.44333,159.8889,0,221.9995,16.88789,3.107313,0
403.07,153.8311,40.66547,158.4444,0,219.2216,14.11012,0.3295339,0
404.08,150.9977,37.83205,159.5,0,237.4999,77.49992,157.4999,0
405.09,148.2198,35.05418,159.6667,0,234.7221,74.72206,154.7221,0
406.10,145.442,32.27632,156.8888,0,231.9442,71.9442,151.9442,0
407.11,142.6086,29.44299,154.0554,0,229.1108,69.11078,149.1108,0
408.11,139.8307,26.66522,159.8333,0,212.9996,52.99958,146.3329,10
409.12,137.0528,23.88746,157.7222,0,239.8889,50.22172,143.5551,10
410.12,134.275,21.10969,160,0,238.2222,47.44386,140.7772,10
411.14,131.4415,18.27637,157.7222,0,237.3888,44.61044,137.9438,10
412.14,128.6081,15.44304,154.8887,0,234.5554,80,135.1104,10
413.17,125.7747,12.60972,159.6667,0,231.722,77.16658,132.2769,10
414.19,122.9413,9.7764,160,0,228.8885,79.05553,129.4435,10
415.21,120.1079,6.943077,157.1666,10.2,226.0551,76.22211,126.6101,10
416.21,117.33,4.16531,154.3887,20.2,223.2773,73.44424,123.8322,10
417.22,114.5521,1.387531,159.9444,25.20004,220.4994,78.61107,121.0544,10
418.24,238.5555,78.55551,158.5555,0,217.666,78.66663,118.2209,10
419.24,235.7776,75.77765,155.7776,0,214.8881,75.88876,115.4431,10
420.25,232.9442,72.94423,158.5,0,212.0547,78.99997,112.6097,10
421.27,230.1108,70.11081,159.7222,0,209.2213,76.16655,109.7762,10
422.27,227.3329,67.33295,157.5555,0,206.4434,73.38869,106.9984,10
423.28,224.5551,64.55508,154.7776,0,203.6656,70.61082,104.2205,10
424.28,208.4439,48.44389,151.9998,10,200.8877,67.83296,101.4427,10
425.30,239.2778,45.55491,149.1108,10,184.6654,51.61065,98.55368,20
426.30,238.3333,42.77705,146.3329,10,238.3333,48.83279,95.77582,20
427.31,235.5554,77.72215,143.5551,10,238.5,46.05493,92.99796,20
428.31,232.7776,78.99997,140.7772,10,238.2777,79.6111,90.22009,20
429.31,229.9997,79.72221,137.9993,10,235.4999,76.83324,87.44223,20
430.32,227.1663,77.33325,135.1659,10,232.6664,77.83327,84.60881,20
431.33,224.3884,74.55539,132.388,10,229.8886,79.16664,81.83095,20
432.33,221.6105,71.77753,129.6102,10,227.1107,79.33331,79.05309,20
433.33,218.8327,68.99966,126.8323,10,224.3329,79.05553,76.27522,20
434.33,216.0548,66.2218,124.0545,10,221.555,76.27766,73.49736,20
435.33,213.277,63.44394,121.2766,10,218.7771,73.4998,70.7195,20
436.33,210.4991,60.66608,118.4987,10,215.9993,70.72194,67.94164,20
437.34,207.6657,57.83266,115.6653,10,213.1658,67.88852,65.10822,20
438.35,204.8878,55.05479,112.8875,10,210.388,65.11066,62.33035,20
439.35,202.11,52.27693,110.1096,10,207.6101,62.33279,59.55249,20
440.35,185.9988,36.16574,107.3317,20,204.8323,59.55493,56.77463,20
441.38,183.1653,79.88889,104.4983,20,188.6655,43.38818,53.94121,30
442.38,180.3319,80,101.6649,20,185.8321,79.11108,51.10779,30
443.38,177.5541,79.88889,98.88702,20,183.0542,79.11108,48.32993,30
444.39,174.7762,77.11102,96.10916,20,180.2764,76.33322,45.55206,30
445.41,171.9428,79.72221,93.27574,20,177.4429,79.72221,42.71864,30
446.41,169.1649,76.94435,90.49788,20,174.6651,77.83327,39.94078,30
447.46,152.9426,60.72204,87.6089,30,239.2222,74.94429,37.0518,30
448.46,239.9444,57.94418,84.83104,30,239.6111,72.16643,34.27394,30
449.46,238.8889,55.16632,82.05318,30,238.5,69.38857,31.4961,30
450.48,237.6666,79.55554,79.1642,30,235.611,66.49959,28.60722,30
451.51,234.8332,76.72212,159.7222,10,232.7776,63.66617,25.7739,30
452.53,231.9998,73.8887,159.2222,0,229.9441,60.83275,22.94057,30
453.53,229.2219,71.11084,156.4443,0,213.8329,44.72155,20.16281,40
454.56,226.3885,68.27742,153.6109,0,210.9995,77.49992,17.32948,40
455.56,223.6106,65.49956,150.8331,0,208.2217,79.77777,14.55172,40
456.56,220.8327,62.72169,148.0552,0,205.4438,78.72218,11.77395,40
457.58,217.9993,59.88828,145.2218,0,202.6104,79.88889,8.940628,40
458.60,215.1659,57.05486,142.3884,0,199.777,79.33331,6.107306,40
459.60,212.388,54.27699,139.6105,0,196.9991,77.27769,3.329535,40
460.63,209.4991,51.38802,136.7215,0,194.1101,79.77777,0.440645,40
461.63,206.7212,48.61015,133.9436,0,237.6666,77.6666,157.6666,0
462.63,203.9433,45.83229,131.1658,0,234.8887,74.88873,154.8887,0
463.65,201.1099,42.99887,128.3324,0,232.0553,72.05531,152.0553,0
464.67,198.2765,40.16545,125.4989,0,229.2219,69.22189,149.2219,0
465.67,195.4986,37.38759,122.7211,0,213.1107,53.1107,146.444,10
466.67,192.7208,34.60973,119.9432,0,210.3328,79.94444,143.6662,10
467.69,189.8874,31.77632,117.1098,0,207.4994,77.11102,140.8327,10
468.77,186.8873,28.77633,114.1097,0,239.3889,77.05547,137.8327,10
469.79,184.0538,25.943,111.2763,0,239.7778,74.22205,134.9992,10
470.80,181.276,23.16524,108.4984,0,238.3333,71.44418,132.2214,10
471.82,178.4426,20.33191,105.665,0,235.4999,79.88889,129.388,10
472.82,175.6647,17.55415,102.8871,0,232.722,79.16664,126.6101,10
473.84,172.8313,14.72083,100.0537,0,229.8886,78.33328,123.7767,10
474.84,170.0534,11.94306,97.27586,0.4,227.1107,75.55542,120.9988,10
475.85,167.22,9.109735,94.44244,10.59999,210.944,59.38867,118.1654,20
476.87,164.3866,6.276413,91.60902,20.80001,208.1105,78.99997,115.332,20
477.91,161.4976,3.387532,88.72005,31.20005,205.2216,79.49998,112.443,20
478.91,158.7197,0.6097531,85.94218,41.20008,202.4437,79.94444,109.6651,20
479.91,237.8333,77.83327,157.8333,0,199.6658,77.16658,106.8873,20
480.94,234.9443,74.94429,154.9443,0,196.7769,74.2776,103.9983,20
481.95,239.3333,58.8331,152.1664,10,193.999,79.77777,101.2204,20
482.96,239.8889,55.99968,149.333,10,191.1656,78.16661,98.38701,20
483.99,239.3889,53.16626,146.4996,10,188.3322,75.33319,95.55359,20
485.00,236.5555,50.33284,143.6662,10,185.4987,78.99997,92.72017,20
486.00,237.2777,79.6111,140.8883,10,239.2222,76.22211,89.94231,20
487.03,234.4443,78.8333,138.0549,10,236.3888,73.38869,87.10889,20
488.05,231.6109,75.99988,135.2215,10,233.5554,78.22217,84.27547,20
489.08,228.7774,73.16646,132.388,10,230.7219,79.27776,81.44205,20
490.08,225.944,78.55551,129.5546,10,227.8885,79.6111,78.60863,20
491.08,223.1662,75.77765,126.7768,10,225.1107,76.83324,75.83076,20
492.09,220.3883,72.99979,123.9989,10,238.4444,74.05537,73.0529,20
493.10,204.2215,80,121.1655,20,235.611,71.22195,70.21948,20
494.10,201.4437,79.2222,118.3876,20,232.8331,77.72215,67.44162,20
495.11,239.7222,76.44434,115.6098,20,230.0553,79.44443,64.66376,20
496.11,236.9444,73.66647,112.8319,20,227.2774,76.66656,61.88589,20
497.12,239.9444,70.88861,110.054,20,224.4995,73.8887,59.10803,20
498.12,237.111,79.66666,107.2206,20,221.6661,78.0555,56.27461,20
499.13,234.3332,78.94441,104.4427,20,218.8882,75.27763,53.49675,20
500.13,231.5553,76.16655,101.6649,20,216.1104,72.49977,50.71889,20
501.13,228.7774,78.27773,98.88702,20,213.3325,69.72191,47.94102,20
502.13,225.9996,75.49986,96.10916,20,210.5547,66.94405,45.16316,20
503.14,223.2217,72.722,93.3313,20,207.7768,78.61107,42.3853,20
504.16,220.3883,69.88858,159.7222,0,204.9434,75.77765,39.55188,20
505.16,217.5549,67.05516,159.7778,0,202.11,79.16664,36.71846,20
506.17,214.777,64.2773,158.0555,0,199.3321,76.38878,33.9406,20
507.17,211.9991,61.49944,159.8889,0,196.5542,73.61092,31.16277,20
508.17,209.2213,58.72157,157.3333,0,193.7764,79.27776,28.385,20
509.18,206.4434,55.94371,154.5554,0,190.9985,78.8333,25.60723,20
510.18,203.6656,53.16585,159.8333,0,188.2206,76.05544,22.82946,20
511.18,200.8321,50.33243,160,0,185.3872,73.22202,19.99614,20
512.21,197.9987,47.49901,159.7222,0,182.5538,70.3886,159.7222,15
513.21,195.2209,44.72115,156.9444,0,179.7759,67.61073,156.9444,15
514.23,192.3874,41.88773,154.1109,0,176.9425,64.77731,154.1109,15
515.26,189.554,39.05431,151.2775,0,174.1091,61.94389,151.2775,15
516.26,173.4428,22.94313,148.4996,10,171.3312,59.16603,148.4996,15
517.29,170.5538,79.6111,145.6107,10,155.1089,42.94372,145.6107,25
518.29,167.776,79.66666,142.8328,10,152.3311,79.88889,142.8328,25
519.29,164.9981,79.83333,140.0549,10,149.5532,77.11102,140.0549,25
520.30,162.2203,80,137.2771,10,146.7753,74.33316,137.2771,25
521.30,159.3868,78.94441,134.4437,10,143.9419,71.49974,134.4437,25
522.33,156.5534,77.55548,131.6102,10,141.1085,79.27776,131.6102,25
523.33,153.7756,79.38887,128.8324,10,138.3306,79.77777,128.8324,25
524.33,150.9977,76.61101,126.0545,10,135.5528,76.99991,126.0545,25
525.34,134.8865,60.49981,123.2767,20,238.9444,74.22205,123.2767,25
526.34,132.0531,79.94444,120.4432,20,236.111,77.27769,120.4432,25
527.35,239.6667,78.0555,117.6654,20,206.6665,47.83317,117.6654,45
528.35,239.9444,75.27763,114.8875,20,239.9444,45.05531,114.8875,45
529.36,237.1666,80,112.1096,20,239.6111,42.27744,112.1096,45
530.36,234.3887,77.22214,109.3318,20,239.0555,39.49958,109.3318,45
531.38,231.4997,74.33316,106.4428,20,239.1666,36.6106,106.4428,45
532.38,228.7219,71.5553,103.6649,20,236.3888,73.83274,103.6649,45
533.39,225.944,68.77744,100.8871,20,233.6109,79.72221,100.8871,45
534.39,223.1662,65.99957,98.10922,20,230.8331,79.16664,98.10922,45
535.40,220.3883,63.22171,95.33136,20,237.8333,76.38878,95.33136,45
536.42,217.4993,60.33273,92.44238,20,238.2222,73.4998,92.44238,45
537.44,214.7215,57.55487,89.66452,20,239,70.72194,89.66452,45
538.44,211.888,54.72145,86.8311,20,238.0555,67.88852,86.8311,45
539.47,209.0546,51.88803,83.99768,20,238.6111,65.0551,83.99768,45
540.49,206.2212,49.05461,81.16426,20,238.0555,79.6111,81.16426,45
541.50,203.4433,46.27675,78.3864,20,221.9443,63.4999,78.3864,55
542.50,200.6655,43.49889,75.60854,20,219.1664,60.72204,75.60854,55
543.52,197.832,79.77777,72.77512,20,216.333,79.77777,72.77512,55
544.53,194.9986,76.94435,69.9417,20,213.4996,79.83333,69.9417,55
545.54,192.2208,74.16649,67.16383,20,210.7217,79.72221,67.16383,55
546.54,189.3873,71.33307,64.33041,20,239.7778,76.88879,64.33041,55
547.56,186.6095,68.55521,61.55255,20,236.9999,74.11093,61.55255,55
548.58,183.7761,65.72179,58.71913,20,239.6111,71.27751,58.71913,55
549.58,180.9426,62.88837,55.88571,20,238.1111,68.44409,55.88571,55
550.59,178.1648,78.4444,53.10785,20,235.3332,65.66623,53.10785,55
551.59,162.0536,62.3332,50.32999,30,232.5553,62.88837,50.32999,55
552.59,159.2757,79.88889,47.55212,30,216.4441,46.77717,47.55212,65
553.61,156.4423,79.6111,44.7187,30,213.6107,80,44.7187,65
554.61,153.6644,79.27776,41.94084,30,210.8329,79.44443,41.94084,65
555.63,150.831,76.44434,39.10742,30,207.9994,78.88885,39.10742,65
556.63,237.8333,79.16664,36.32956,30,205.2216,76.11099,36.32956,65
557.65,234.9998,76.33322,33.49614,30,202.3882,73.27757,33.49614,65
558.66,232.222,73.55536,30.71832,30,238.1666,70.49971,30.71832,65
559.66,229.4441,70.7775,27.94056,30,239.8333,67.72185,27.94056,65
560.66,226.6107,77.61104,25.10723,30,237.2221,64.88843,25.10723,65
561.66,223.8328,74.83318,22.32947,30,234.4443,62.11057,22.32947,65
562.67,221.055,72.05531,19.5517,30,231.6664,79.33331,19.5517,65
563.70,218.2216,69.22189,16.71838,30,228.833,78.66663,16.71838,65
564.71,215.3881,66.38847,13.88505,30,225.9996,79.33331,13.88505,65
565.72,199.2769,80,11.10729,40,223.2217,76.55545,11.10729,65
566.72,196.4991,79.66666,8.329519,40,220.4438,73.77759,8.329519,65
567.73,193.6657,79.88889,5.496197,40,217.6104,70.94417,5.496197,65
568.73,190.8878,77.44437,2.718424,40,237.8333,77.83327,157.8333,0
569.73,239.9444,79.94444,159.9444,0,235.0554,75.0554,155.0554,0
570.74,237.1666,77.16658,157.1666,0,218.9442,58.94421,152.2775,10
571.74,234.3887,74.38872,154.3887,0,216.1664,78.94441,149.4997,10
572.75,231.5553,71.5553,151.5553,0,213.3329,79.33331,146.6663,10
573.75,215.4441,55.4441,148.7774,10,210.5551,76.55545,143.8884,10
574.77,212.6107,79.38887,145.944,10,207.7216,79.72221,141.055,10
575.77,239.9444,78.94441,143.1662,10,204.9438,76.94435,138.2771,10
576.78,237.3333,76.16655,140.3883,10,202.1659,78.88885,135.4993,10
577.78,234.5554,73.38869,137.6104,10,199.3881,78.94441,132.7214,10
578.78,238.9444,70.55527,134.777,10,196.5546,79.83333,129.888,10
579.81,236.111,78.16661,131.9436,10,193.7212,78.77774,127.0546,10
580.81,233.3331,79.44443,129.1657,10,190.9434,79.72221,124.2767,10
581.82,230.4997,76.61101,126.3323,10,188.1099,79.94444,121.4433,10
582.83,227.7218,73.83315,123.5544,10,185.3321,77.61104,118.6654,10
583.83,211.6107,79.72221,120.7766,20,169.2209,61.49984,115.8875,20
584.86,208.7772,80,117.9432,20,166.3875,79.77777,113.0541,20
585.86,205.9994,77.44437,115.1653,20,163.6096,76.99991,110.2763,20
586.86,237.4444,79.94444,112.3319,20,160.7762,78.49995,107.4428,20
587.86,234.6665,79.38887,109.554,20,239.1666,75.72209,104.665,20
588.87,231.8886,76.61101,106.7762,20,236.3888,72.94423,101.8871,20
589.87,229.1108,73.83315,103.9983,20,233.6109,70.16637,99.10925,20
590.87,226.3329,71.05528,101.2204,20,230.8331,77.44437,96.33139,20
591.89,223.4995,78.72218,98.38701,20,227.9996,74.61095,93.49797,20
592.89,220.7216,75.94432,95.60915,20,225.2218,78.27773,90.72011,20
593.90,217.9438,73.16646,92.83128,20,222.4439,75.49986,87.94225,20
594.90,215.1104,70.33304,89.99786,20,219.6105,72.66644,85.10883,20
595.92,212.2769,67.49962,87.16444,20,216.7771,69.83302,82.27541,20
596.93,209.4991,64.72176,84.38658,20,213.9992,78.8333,79.49754,20
597.95,193.3323,79.83333,81.55316,30,211.1658,75.99988,76.66412,20
598.96,190.5545,79.27776,78.7753,30,208.3879,78.4444,73.88626,20
599.96,187.7766,78.77774,75.99744,30,205.6101,75.66653,71.1084,20
600.98,184.9432,79.83333,73.16402,30,202.7766,72.83311,68.27498,20
601.98,182.1653,79.49998,70.38615,30,199.9988,70.05525,65.49712,20
602.99,179.3319,79.55554,67.55273,30,197.1654,77.49992,62.6637,20
604.00,176.554,79.94444,64.77487,30,194.3875,77.44437,59.88583,20
605.00,173.7206,77.11102,61.94145,30,191.5541,74.61095,57.05241,20
606.02,170.9427,77.72215,59.16359,30,188.7762,71.83308,54.27455,20
607.02,168.1093,74.88873,56.33017,30,185.9428,68.99966,51.44113,20
608.03,165.3315,72.11087,53.55231,30,183.1649,66.2218,48.66327,20
609.04,149.2203,79.6111,50.77444,40,180.3871,63.44394,45.88541,20
610.05,146.3869,80,47.94102,40,177.5536,60.61052,43.05199,20
611.07,143.5534,79.44443,45.1076,40,238.4444,57.7771,40.21857,20
612.08,239.8333,77.83327,42.32974,40,235.6665,54.99924,37.4407,20
613.08,238.5555,74.99985,39.49632,40,232.8331,52.16582,34.60728,20
614.08,235.7776,79.11108,36.71846,40,230.0553,49.38795,31.82943,20
615.09,232.9998,80,33.9406,40,213.9441,33.27676,29.05166,30
616.10,230.1664,77.16658,31.10721,40,211.1106,30.4434,26.21834,30
617.12,227.3329,74.33316,28.27389,40,208.2772,79.55554,23.38502,30
618.13,224.5551,71.5553,25.49612,40,205.4994,76.77768,20.60725,30
619.14,221.7772,68.77744,22.71835,40,202.7215,73.99982,17.82948,30
620.16,218.9438,65.94402,19.88503,40,199.8881,78.0555,14.99616,30
621.17,216.1104,63.1106,17.05171,40,240,75.22208,12.16284,30
622.19,213.277,60.27718,158.0555,25,237.2221,72.38866,9.329515,30
623.19,210.4991,57.49931,157.3888,20,234.4443,78.66663,6.551748,30
624.19,207.7212,54.72145,154.6109,20,231.6664,79.66666,3.77398,30
625.20,204.9434,51.94359,151.8331,20,228.8885,76.88879,0.9962008,30
626.20,202.1655,49.16573,149.0552,20,238.2222,78.22217,158.2222,0
627.20,199.3321,46.33231,146.2218,20,235.3887,75.38875,155.3887,0
628.22,196.5542,43.55444,143.4439,20,232.6109,72.61089,152.6109,0
629.22,193.7208,40.72102,140.6105,20,229.7775,78.11105,149.7775,0
